<?xml version="1.0" encoding="UTF-8"?><TaskRepositories OutputVersion="1"><TaskRepository kind="githubGists" url="https://gist.github.com" version="unknown" encoding="UTF-8" timezone="America/New_York" org.eclipse.mylyn.tasklist.repositories.proxy.usedefault="true" org.eclipse.mylyn.tasklist.repositories.savePassword="true" org.eclipse.mylyn.tasklist.repositories.httpauth.savePassword="true" org.eclipse.mylyn.tasklist.repositories.proxy.savePassword="true" label="Gists" org.eclipse.mylyn.tasklist.repositories.enabled="true" org.eclipse.mylyn.tasklist.repositories.username="kadalisk" category="org.eclipse.mylyn.category.review"/><TaskRepository kind="githubPullRequests" url="http://github.com/kadalisk/Selenium_Udemy/pulls" version="unknown" encoding="UTF-8" timezone="America/New_York" org.eclipse.mylyn.tasklist.repositories.proxy.usedefault="true" org.eclipse.mylyn.tasklist.repositories.savePassword="true" org.eclipse.mylyn.tasklist.repositories.httpauth.savePassword="true" org.eclipse.mylyn.tasklist.repositories.proxy.savePassword="true" label="kadalisk/Selenium_Udemy pull requests" org.eclipse.mylyn.tasklist.repositories.enabled="true" org.eclipse.mylyn.tasklist.repositories.username="kadalisk" category="org.eclipse.mylyn.category.review"/><TaskRepository kind="githubPullRequests" url="http://github.com/kadalisk/crispy-invention/pulls" version="unknown" encoding="UTF-8" timezone="America/New_York" org.eclipse.mylyn.tasklist.repositories.proxy.usedefault="true" org.eclipse.mylyn.tasklist.repositories.savePassword="true" org.eclipse.mylyn.tasklist.repositories.httpauth.savePassword="true" org.eclipse.mylyn.tasklist.repositories.proxy.savePassword="true" label="kadalisk/crispy-invention pull requests" org.eclipse.mylyn.tasklist.repositories.enabled="true" org.eclipse.mylyn.tasklist.repositories.username="kadalisk" category="org.eclipse.mylyn.category.review"/><TaskRepository kind="githubPullRequests" url="http://github.com/kadalisk/selenium/pulls" version="unknown" encoding="UTF-8" timezone="America/New_York" org.eclipse.mylyn.tasklist.repositories.proxy.usedefault="true" org.eclipse.mylyn.tasklist.repositories.savePassword="true" org.eclipse.mylyn.tasklist.repositories.httpauth.savePassword="true" org.eclipse.mylyn.tasklist.repositories.proxy.savePassword="true" label="kadalisk/selenium pull requests" org.eclipse.mylyn.tasklist.repositories.enabled="true" org.eclipse.mylyn.tasklist.repositories.username="kadalisk" category="org.eclipse.mylyn.category.review"/><TaskRepository kind="githubPullRequests" url="http://github.com/kadalisk/Hello_World/pulls" version="unknown" encoding="UTF-8" timezone="America/New_York" org.eclipse.mylyn.tasklist.repositories.proxy.usedefault="true" org.eclipse.mylyn.tasklist.repositories.savePassword="true" org.eclipse.mylyn.tasklist.repositories.httpauth.savePassword="true" org.eclipse.mylyn.tasklist.repositories.proxy.savePassword="true" label="kadalisk/Hello_World pull requests" org.eclipse.mylyn.tasklist.repositories.enabled="true" org.eclipse.mylyn.tasklist.repositories.username="kadalisk" category="org.eclipse.mylyn.category.review"/><TaskRepository kind="github" url="http://github.com/kadalisk/Selenium_Udemy" version="unknown" encoding="UTF-8" timezone="America/New_York" org.eclipse.mylyn.tasklist.repositories.proxy.usedefault="true" org.eclipse.mylyn.tasklist.repositories.savePassword="true" org.eclipse.mylyn.tasklist.repositories.httpauth.savePassword="true" org.eclipse.mylyn.tasklist.repositories.proxy.savePassword="true" label="kadalisk/Selenium_Udemy issues" org.eclipse.mylyn.tasklist.repositories.enabled="true" org.eclipse.mylyn.tasklist.repositories.username="kadalisk" category="org.eclipse.mylyn.category.bugs"/><TaskRepository kind="github" url="http://github.com/kadalisk/crispy-invention" version="unknown" encoding="UTF-8" timezone="America/New_York" org.eclipse.mylyn.tasklist.repositories.proxy.usedefault="true" org.eclipse.mylyn.tasklist.repositories.savePassword="true" org.eclipse.mylyn.tasklist.repositories.httpauth.savePassword="true" org.eclipse.mylyn.tasklist.repositories.proxy.savePassword="true" label="kadalisk/crispy-invention issues" org.eclipse.mylyn.tasklist.repositories.enabled="true" org.eclipse.mylyn.tasklist.repositories.username="kadalisk" category="org.eclipse.mylyn.category.bugs"/><TaskRepository kind="github" url="http://github.com/kadalisk/selenium" version="unknown" encoding="UTF-8" timezone="America/New_York" org.eclipse.mylyn.tasklist.repositories.proxy.usedefault="true" org.eclipse.mylyn.tasklist.repositories.savePassword="true" org.eclipse.mylyn.tasklist.repositories.httpauth.savePassword="true" org.eclipse.mylyn.tasklist.repositories.proxy.savePassword="true" label="kadalisk/selenium issues" org.eclipse.mylyn.tasklist.repositories.enabled="true" org.eclipse.mylyn.tasklist.repositories.username="kadalisk" category="org.eclipse.mylyn.category.bugs"/><TaskRepository kind="github" url="http://github.com/kadalisk/Hello_World" version="unknown" encoding="UTF-8" timezone="America/New_York" org.eclipse.mylyn.tasklist.repositories.proxy.usedefault="true" org.eclipse.mylyn.tasklist.repositories.savePassword="true" org.eclipse.mylyn.tasklist.repositories.httpauth.savePassword="true" org.eclipse.mylyn.tasklist.repositories.proxy.savePassword="true" label="kadalisk/Hello_World issues" org.eclipse.mylyn.tasklist.repositories.enabled="true" org.eclipse.mylyn.tasklist.repositories.username="kadalisk" category="org.eclipse.mylyn.category.bugs"/><TaskRepository kind="bugzilla" url="https://bugs.eclipse.org/bugs" version="3.6" encoding="UTF-8" timezone="America/New_York" org.eclipse.mylyn.tasklist.repositories.proxy.usedefault="true" org.eclipse.mylyn.tasklist.repositories.savePassword="true" org.eclipse.mylyn.tasklist.repositories.httpauth.savePassword="true" org.eclipse.mylyn.tasklist.repositories.proxy.savePassword="true" label="Eclipse.org" org.eclipse.mylyn.tasklist.repositories.enabled="false" org.eclipse.mylyn.tasklist.repositories.template="true" category="org.eclipse.mylyn.category.bugs" avatarSupport="true"/><TaskRepository kind="local" url="local" version="1" encoding="UTF-8" timezone="America/New_York" org.eclipse.mylyn.tasklist.repositories.proxy.usedefault="true" org.eclipse.mylyn.tasklist.repositories.savePassword="true" org.eclipse.mylyn.tasklist.repositories.httpauth.savePassword="true" org.eclipse.mylyn.tasklist.repositories.proxy.savePassword="true" label="Local" category="org.eclipse.mylyn.category.tasks"/></TaskRepositories>